<?xml version="1.0"?>
<projectProfile type="default" version="1.12.1">
  <projectDirectory>
    <projectProfileFile filesystemName=".zfproject.xml"/>
    <applicationDirectory classNamePrefix="Application_">
      <configsDirectory>
        <applicationConfigFile type="ini"/>
      </configsDirectory>
      <controllersDirectory>
        <controllerFile controllerName="Index">
          <actionMethod actionName="index"/>
        </controllerFile>
        <controllerFile controllerName="Error"/>
        <controllerFile controllerName="About">
          <actionMethod actionName="index"/>
        </controllerFile>
        <controllerFile controllerName="Gallery">
          <actionMethod actionName="index"/>
        </controllerFile>
        <controllerFile controllerName="Contact">
          <actionMethod actionName="index"/>
        </controllerFile>
        <controllerFile controllerName="Events">
          <actionMethod actionName="index"/>
        </controllerFile>
        <controllerFile controllerName="Registration">
          <actionMethod actionName="index"/>
        </controllerFile>
        <controllerFile controllerName="Registrer">
          <actionMethod actionName="index"/>
        </controllerFile>
        <controllerFile controllerName="Register">
          <actionMethod actionName="index"/>
        </controllerFile>
        <controllerFile controllerName="Login">
          <actionMethod actionName="index"/>
        </controllerFile>
        <controllerFile controllerName="FrontController">
          <actionMethod actionName="index"/>
        </controllerFile>
        <controllerFile controllerName="FrontEnd">
          <actionMethod actionName="index"/>
        </controllerFile>
        <controllerFile controllerName="Post">
          <actionMethod actionName="index"/>
          <actionMethod actionName="event"/>
        </controllerFile>
        <controllerFile controllerName="Reservation">
          <actionMethod actionName="index"/>
          <actionMethod actionName="ajax"/>
        </controllerFile>
        <controllerFile controllerName="Ajax">
          <actionMethod actionName="index"/>
        </controllerFile>
        <controllerFile controllerName="Administrator">
          <actionMethod actionName="index"/>
          <actionMethod actionName="uloga"/>
          <actionMethod actionName="termin"/>
          <actionMethod actionName="rezervacije"/>
          <actionMethod actionName="datum"/>
          <actionMethod actionName="galerija"/>
          <actionMethod actionName="aktivnost"/>
          <actionMethod actionName="slika"/>
        </controllerFile>
        <controllerFile controllerName="TestRestApi">
          <actionMethod actionName="index"/>
        </controllerFile>
      </controllersDirectory>
      <formsDirectory>
        <formFile formName="MyLoginForm"/>
        <formFile formName="Register"/>
        <formFile formName="MyFormRegister"/>
        <formFile formName="MyFormLogout"/>
        <formFile formName="MyFormReservation"/>
        <formFile formName="MyFormAdminUloga"/>
        <formFile formName="MyFormAdminTermin"/>
        <formFile formName="MyFormAdminDatum"/>
        <formFile formName="MyFormAdminGalerija"/>
        <formFile formName="MyFormAdminAktivnost"/>
        <formFile formName="MyFormAdminReservation"/>
        <formFile formName="MyFormAdminSlika"/>
      </formsDirectory>
      <layoutsDirectory>
        <layoutScriptsDirectory>
          <layoutScriptFile layoutName="layout"/>
        </layoutScriptsDirectory>
      </layoutsDirectory>
      <modelsDirectory>
        <dbTableDirectory>
          <dbTableFile dbTableName="Korisnik"/>
          <dbTableFile dbTableName="Uloga"/>
          <dbTableFile dbTableName="Aktivnost"/>
          <dbTableFile dbTableName="SlikaAktivnost"/>
          <dbTableFile dbTableName="SlikaGalerija"/>
          <dbTableFile dbTableName="Galerija"/>
          <dbTableFile dbTableName="Termin"/>
          <dbTableFile dbTableName="DatumRezervacija"/>
          <dbTableFile dbTableName="Rezervacije"/>
        </dbTableDirectory>
        <modelFile modelName="Korisnik"/>
        <modelFile modelName="Uloga"/>
        <modelFile modelName="UlogaMapper"/>
        <modelFile modelName="KorisnikMapper"/>
        <modelFile modelName="Aktivnost"/>
        <modelFile modelName="AktivnostMapper"/>
        <modelFile modelName="SlikaAktivnostMapper"/>
        <modelFile modelName="SlikaAktivnost"/>
        <modelFile modelName="SlikaGalerija"/>
        <modelFile modelName="Galerija"/>
        <modelFile modelName="GalerijaMapper"/>
        <modelFile modelName="SlikaGalerijaMapper"/>
        <modelFile modelName="Termin"/>
        <modelFile modelName="DatumRezervacija"/>
        <modelFile modelName="Rezervacije"/>
        <modelFile modelName="TerminMapper"/>
        <modelFile modelName="DatumRezervacijaMapper"/>
        <modelFile modelName="RezervacijeMapper"/>
      </modelsDirectory>
      <modulesDirectory enabled="false"/>
      <servicesDirectory enabled="false"/>
      <viewsDirectory>
        <viewScriptsDirectory>
          <viewControllerScriptsDirectory forControllerName="Index">
            <viewScriptFile forActionName="index"/>
          </viewControllerScriptsDirectory>
          <viewControllerScriptsDirectory forControllerName="Error">
            <viewScriptFile forActionName="error"/>
          </viewControllerScriptsDirectory>
          <viewControllerScriptsDirectory forControllerName="About">
            <viewScriptFile forActionName="index"/>
          </viewControllerScriptsDirectory>
          <viewControllerScriptsDirectory forControllerName="Gallery">
            <viewScriptFile forActionName="index"/>
          </viewControllerScriptsDirectory>
          <viewControllerScriptsDirectory forControllerName="Contact">
            <viewScriptFile forActionName="index"/>
          </viewControllerScriptsDirectory>
          <viewControllerScriptsDirectory forControllerName="Events">
            <viewScriptFile forActionName="index"/>
          </viewControllerScriptsDirectory>
          <viewControllerScriptsDirectory forControllerName="Events">
            <viewScriptFile forActionName="index"/>
          </viewControllerScriptsDirectory>
          <viewControllerScriptsDirectory forControllerName="Registration">
            <viewScriptFile forActionName="index"/>
          </viewControllerScriptsDirectory>
          <viewControllerScriptsDirectory forControllerName="Registrer">
            <viewScriptFile forActionName="index"/>
          </viewControllerScriptsDirectory>
          <viewControllerScriptsDirectory forControllerName="Register">
            <viewScriptFile forActionName="index"/>
          </viewControllerScriptsDirectory>
          <viewControllerScriptsDirectory forControllerName="Login">
            <viewScriptFile forActionName="index"/>
          </viewControllerScriptsDirectory>
          <viewControllerScriptsDirectory forControllerName="FrontController">
            <viewScriptFile forActionName="index"/>
          </viewControllerScriptsDirectory>
          <viewControllerScriptsDirectory forControllerName="FrontEnd">
            <viewScriptFile forActionName="index"/>
          </viewControllerScriptsDirectory>
          <viewControllerScriptsDirectory forControllerName="Post">
            <viewScriptFile forActionName="index"/>
          </viewControllerScriptsDirectory>
          <viewControllerScriptsDirectory forControllerName="Post">
            <viewScriptFile forActionName="event"/>
          </viewControllerScriptsDirectory>
          <viewControllerScriptsDirectory forControllerName="Reservation">
            <viewScriptFile forActionName="index"/>
          </viewControllerScriptsDirectory>
          <viewControllerScriptsDirectory forControllerName="Ajax">
            <viewScriptFile forActionName="index"/>
          </viewControllerScriptsDirectory>
          <viewControllerScriptsDirectory forControllerName="Reservation">
            <viewScriptFile forActionName="ajax"/>
          </viewControllerScriptsDirectory>
          <viewControllerScriptsDirectory forControllerName="Administrator">
            <viewScriptFile forActionName="index"/>
          </viewControllerScriptsDirectory>
          <viewControllerScriptsDirectory forControllerName="Administrator">
            <viewScriptFile forActionName="uloga"/>
          </viewControllerScriptsDirectory>
          <viewControllerScriptsDirectory forControllerName="Administrator">
            <viewScriptFile forActionName="termin"/>
          </viewControllerScriptsDirectory>
          <viewControllerScriptsDirectory forControllerName="Administrator">
            <viewScriptFile forActionName="rezervacije"/>
          </viewControllerScriptsDirectory>
          <viewControllerScriptsDirectory forControllerName="Administrator">
            <viewScriptFile forActionName="datum"/>
          </viewControllerScriptsDirectory>
          <viewControllerScriptsDirectory forControllerName="Administrator">
            <viewScriptFile forActionName="galerija"/>
          </viewControllerScriptsDirectory>
          <viewControllerScriptsDirectory forControllerName="Administrator">
            <viewScriptFile forActionName="aktivnost"/>
          </viewControllerScriptsDirectory>
          <viewControllerScriptsDirectory forControllerName="TestRestApi">
            <viewScriptFile forActionName="index"/>
          </viewControllerScriptsDirectory>
          <viewControllerScriptsDirectory forControllerName="Administrator">
            <viewScriptFile forActionName="slika"/>
          </viewControllerScriptsDirectory>
        </viewScriptsDirectory>
        <viewHelpersDirectory/>
        <viewFiltersDirectory enabled="false"/>
      </viewsDirectory>
      <bootstrapFile filesystemName="Bootstrap.php"/>
    </applicationDirectory>
    <dataDirectory enabled="false">
      <cacheDirectory enabled="false"/>
      <searchIndexesDirectory enabled="false"/>
      <localesDirectory enabled="false"/>
      <logsDirectory enabled="false"/>
      <sessionsDirectory enabled="false"/>
      <uploadsDirectory enabled="false"/>
    </dataDirectory>
    <docsDirectory>
      <file filesystemName="README.txt"/>
    </docsDirectory>
    <libraryDirectory>
      <zfStandardLibraryDirectory enabled="false"/>
    </libraryDirectory>
    <publicDirectory>
      <publicStylesheetsDirectory enabled="false"/>
      <publicScriptsDirectory enabled="false"/>
      <publicImagesDirectory enabled="false"/>
      <publicIndexFile filesystemName="index.php"/>
      <htaccessFile filesystemName=".htaccess"/>
    </publicDirectory>
    <projectProvidersDirectory enabled="false"/>
    <temporaryDirectory enabled="false"/>
    <testsDirectory>
      <testPHPUnitConfigFile filesystemName="phpunit.xml"/>
      <testPHPUnitBootstrapFile filesystemName="bootstrap.php"/>
      <testApplicationDirectory>
        <testApplicationControllerDirectory>
          <testApplicationControllerFile forControllerName="Index"/>
        </testApplicationControllerDirectory>
      </testApplicationDirectory>
      <testLibraryDirectory/>
    </testsDirectory>
  </projectDirectory>
</projectProfile>
